{
  "win_rates": [
    100.0,
    100.0,
    100.0,
    100.0,
    100.0,
    100.0,
    100.0,
    100.0,
    100.0,
    100.0,
    100.0,
    100.0,
    100.0,
    100.0,
    100.0,
    100.0,
    100.0,
    100.0,
    100.0,
    100.0
  ],
  "games": [
    25,
    50,
    75,
    100,
    125,
    150,
    175,
    200,
    225,
    250,
    275,
    300,
    325,
    350,
    375,
    400,
    425,
    450,
    475,
    500
  ],
  "rewards": [
    1497.4999999999918,
    1496.6666666666629,
    1504.0,
    1500.0,
    1497.4999999999918,
    1499.9999999999668,
    1500.0,
    1500.0,
    1500.0,
    1497.4999999999918,
    1499.9999999999668,
    1500.0,
    1497.4999999999918,
    1499.9999999999668,
    1499.9999999999668,
    1497.4999999999918,
    1499.9999999999668,
    1500.0,
    1496.6666666666629,
    1500.0
  ]
}