{
  "win_rates": [
    15.0,
    15.0,
    15.0,
    20.0,
    40.0,
    40.0,
    20.0,
    25.0,
    20.0,
    20.0,
    35.0,
    20.0,
    20.0,
    20.0,
    20.0,
    25.0,
    15.0,
    20.0,
    25.0,
    25.0,
    20.0,
    25.0,
    5.0,
    25.0,
    25.0,
    15.0,
    15.0,
    30.0,
    25.0,
    10.0,
    20.0,
    25.0,
    20.0,
    15.0,
    30.0,
    35.0,
    20.0,
    0.0,
    20.0,
    20.0,
    10.0,
    10.0,
    25.0,
    15.0,
    5.0,
    15.0,
    20.0,
    0.0,
    25.0,
    45.0
  ],
  "games": [
    20,
    40,
    60,
    80,
    100,
    120,
    140,
    160,
    180,
    200,
    220,
    240,
    260,
    280,
    300,
    320,
    340,
    360,
    380,
    400,
    420,
    440,
    460,
    480,
    500,
    520,
    540,
    560,
    580,
    600,
    620,
    640,
    660,
    680,
    700,
    720,
    740,
    760,
    780,
    800,
    820,
    840,
    860,
    880,
    900,
    920,
    940,
    960,
    980,
    1000
  ],
  "rewards": [
    99.19890994979195,
    155.0831246406486,
    1030.0215610054584,
    144.50243178116187,
    824.4960319616852,
    866.8632517902386,
    943.4546047934608,
    789.2386485402654,
    1059.1567111534803,
    192.24561008860442,
    1066.527990308738,
    276.47957102247284,
    985.322131828063,
    533.967422741018,
    229.945304158054,
    320.4656505665506,
    664.8823844104248,
    1013.1732012228609,
    774.6110337334258,
    669.9956252189943,
    127.64010968670513,
    392.86670949657173,
    899.7296329928454,
    754.628620107179,
    886.1596802698571,
    62.075920342053735,
    569.8508107921234,
    122.826225627758,
    1377.9226648200652,
    564.9003205098778,
    474.1239506106891,
    642.7677493751686,
    83.83584210394334,
    216.61497647230433,
    61.920301363308475,
    125.57968398600896,
    449.58200237005946,
    487.51509343654527,
    275.81517113179206,
    783.7410176656335,
    708.5326009605229,
    878.9861776119948,
    164.59252213759225,
    593.5634396320772,
    868.7761584448605,
    1370.9989698986426,
    696.7769446495603,
    793.1160450814342,
    746.7173717981566,
    617.0267940128197
  ]
}